{
  "L": 0.06337688558308542,
  "k": 0.7581087232568974,
  "t0": 2023.1999854471817,
  "pen_2027": 0.06001095985944537,
  "total_ev_projected_2027": 61571,
  "total_new_cars_2027": 1026000
}